{
    "type": "origins:active_self",
    "entity_action": {
        "type": "origins:and",
        "actions": [
            {
                "type": "origins:apply_effect",
                "effect": {
                    "effect": "minecraft:speed",
                    "duration": 30,
                    "amplifier": 10,
                    "show_particles": false,
                    "show_icon": false
                }
            },
            {
                "type": "origins:apply_effect",
                "effect": {
                    "effect": "minecraft:jump_boost",
                    "duration": 30,
                    "amplifier": 1,
                    "show_particles": false,
                    "show_icon": false
                }
            },
            {
                "type": "origins:apply_effect",
                "effect": {
                    "effect": "minecraft:resistance",
                    "duration": 45,
                    "amplifier": 4,
                    "show_particles": false,
                    "show_icon": false
                }
            },
            {
                "type": "origins:and",
                "actions": [
                    {
                        "type": "origins:execute_command",
                        "command": "tag @s add thunderclap_active"
                    },
                    {
                        "type": "origins:delay",
                        "action": {
                            "type": "origins:execute_command",
                            "command": "summon lightning_bolt ~ ~ ~ {Tags:[\"thunderclap_strike\"]}"
                        },
                        "ticks": 10
                    },
                    {
                        "type": "origins:delay",
                        "action": {
                            "type": "origins:execute_command",
                            "command": "summon lightning_bolt ~ ~ ~ {Tags:[\"thunderclap_strike\"]}"
                        },
                        "ticks": 20
                    },
                    {
                        "type": "origins:delay",
                        "action": {
                            "type": "origins:execute_command",
                            "command": "summon lightning_bolt ~ ~ ~ {Tags:[\"thunderclap_strike\"]}"
                        },
                        "ticks": 30
                    },
                    {
                        "type": "origins:delay",
                        "action": {
                            "type": "origins:execute_command",
                            "command": "tag @s remove thunderclap_active"
                        },
                        "ticks": 35
                    }
                ]
            },
            {
                "type": "origins:apply_effect",
                "effect": {
                    "effect": "minecraft:resistance",
                    "duration": 30,
                    "amplifier": 255,
                    "show_particles": false,
                    "show_icon": false
                }
            },
            {
                "type": "origins:delay",
                "action": {
                    "type": "origins:and",
                    "actions": [
                        {
                            "type": "origins:spawn_particles",
                            "particle": {
                                "type": "minecraft:electric_spark"
                            },
                            "count": 12,
                            "speed": 0.05,
                            "spread": {
                                "x": 0.3,
                                "y": 0.5,
                                "z": 0.3
                            }
                        },
                        {
                            "type": "origins:spawn_particles",
                            "particle": {
                                "type": "minecraft:smoke"
                            },
                            "count": 6,
                            "speed": 0.01,
                            "spread": {
                                "x": 0.4,
                                "y": 0.1,
                                "z": 0.4
                            }
                        },
                        {
                            "type": "origins:spawn_particles",
                            "particle": {
                                "type": "minecraft:explosion"
                            },
                            "count": 1,
                            "speed": 0.05,
                            "spread": {
                                "x": 0.2,
                                "y": 0.2,
                                "z": 0.2
                            }
                        }
                    ]
                },
                "ticks": 0
            },
            {
                "type": "origins:delay",
                "action": {
                    "type": "origins:execute_command",
                    "command": "function tempest:thunderclap_particles"
                },
                "ticks": 5
            }
        ]
    },
    "cooldown": 600,
    "hud_render": {
        "should_render": true,
        "sprite_location": "origins:textures/gui/resource_bar.png",
        "bar_index": 4
    },
    "key": {
        "key": "key.origins.primary_active"
    }
}