{
    "name": "§4Crimson Aegis",
    "description": "A crimson shield forms around your body when primed. On the next blow, it consumes 22 Blood and bursts into a devastating explosion, hurling enemies away. Afterward, it fades until it can be conjured again.",
    "condition": {
        "type": "origins:resource",
        "resource": "vampire:blood_resource",
        "comparison": ">=",
        "compare_to": 152
    },
    "type": "origins:self_action_when_hit",
    "cooldown": 900,
    "hud_render": {
        "should_render": true,
        "bar_index": 3,
        "sprite_location": "origins:textures/gui/resource_bar.png"
    },
    "entity_action": {
        "type": "origins:and",
        "actions": [
            {
                "type": "origins:change_resource",
                "resource": "vampire:blood_resource",
                "change": -30,
                "condition": {
                    "type": "origins:resource",
                    "resource": "vampire:blood_resource",
                    "comparison": ">=",
                    "compare_to": 152
                }
            },
            {
                "type": "origins:apply_effect",
                "effect": {
                    "effect": "minecraft:resistance",
                    "duration": 20,
                    "amplifier": 9,
                    "show_particles": false,
                    "show_icon": false
                }
            },
            {
                "type": "origins:delay",
                "ticks": 5,
                "action": {
                    "type": "origins:and",
                    "actions": [
                        {
                            "type": "origins:area_of_effect",
                            "radius": 3,
                            "bientity_action": {
                                "type": "origins:and",
                                "actions": [
                                    {
                                        "type": "origins:damage",
                                        "amount": 10,
                                        "damage_type": "minecraft:magic"
                                    },
                                    {
                                        "type": "apoli:add_velocity",
                                        "x": 0.9,
                                        "y": 0.6,
                                        "z": 0.9,
                                        "space": "world",
                                        "set": false
                                    }
                                ]
                            }
                        },
                        {
                            "type": "origins:execute_command",
                            "command": "particle minecraft:dust 0.4 0.0 0.0 1.5 ~ ~1 ~ 1 1 1 0.05 200 force @a"
                        }
                    ]
                }
            }
        ]
    },
    "particle": {
        "type": "origins:particle",
        "particle": "minecraft:dust 0.6 0.0 0.0 1.0",
        "frequency": 2,
        "visible": true,
        "offset_y": 1,
        "speed": 0.01,
        "condition": {
            "type": "origins:and",
            "conditions": [
                {
                    "type": "origins:resource",
                    "resource": "vampire:blood_resource",
                    "comparison": ">=",
                    "compare_to": 152
                },
                {
                    "type": "origins:cooldown_over",
                    "power": "vampire:blood_shield"
                }
            ]
        }
    }
}